{
  "weights": {
    "QB": 0.05,
    "RB": 0.0,
    "TE": 0.1,
    "WR": 0.0
  },
  "seasons": [
    2023,
    2024,
    2025
  ],
  "pool_size": 200,
  "created": "2026-07-08",
  "scores_recent": {
    "QB": {
      "w": 0.05,
      "rho_at_w": 0.2375408301993397,
      "rho_market": 0.22989953116451353,
      "rho_model": 0.18253783406313664
    },
    "RB": {
      "w": 0.0,
      "rho_at_w": 0.582496755662538,
      "rho_market": 0.582496755662538,
      "rho_model": 0.41572657046457445
    },
    "TE": {
      "w": 0.1,
      "rho_at_w": 0.37824635911592436,
      "rho_market": 0.32309971063137594,
      "rho_model": 0.2979338535860275
    },
    "WR": {
      "w": 0.0,
      "rho_at_w": 0.5669251498569947,
      "rho_market": 0.5669251498569947,
      "rho_model": 0.4710632455792103
    }
  },
  "scores_all_seasons": {
    "QB": {
      "w": 0.1,
      "rho_at_w": 0.4043398793551137,
      "rho_market": 0.3991405030680794,
      "rho_model": 0.2604298969733275
    },
    "RB": {
      "w": 0.0,
      "rho_at_w": 0.5838795579548037,
      "rho_market": 0.5838795579548037,
      "rho_model": 0.4594865057294674
    },
    "TE": {
      "w": 0.2,
      "rho_at_w": 0.404137919800952,
      "rho_market": 0.38854687124211074,
      "rho_model": 0.33691849963020787
    },
    "WR": {
      "w": 0.2,
      "rho_at_w": 0.5841819744841021,
      "rho_market": 0.5775478117218309,
      "rho_model": 0.4701288851385952
    }
  }
}